yearID,lgID,teamID,G,W,L,R,RA
1961,AL,NYA,163,109,53,827,612
1961,AL,DET,163,101,61,841,671
1961,AL,BAL,163,95,67,691,588
1961,AL,CHA,163,86,76,765,726
1961,AL,CLE,161,78,83,737,752
1961,AL,BOS,163,76,86,729,792
1961,AL,MIN,161,70,90,707,778
1961,AL,LAA,162,70,91,744,784
1961,AL,KC1,162,61,100,683,863
1961,AL,WS2,161,61,100,618,776
1961,NL,CIN,154,93,61,710,653
1961,NL,LAN,154,89,65,735,697
1961,NL,SFN,155,85,69,773,655
1961,NL,ML1,155,83,71,712,656
1961,NL,SLN,155,80,74,703,668
1961,NL,PIT,154,75,79,694,675
1961,NL,CHN,156,64,90,689,800
1961,NL,PHI,155,47,107,584,796
1962,AL,NYA,162,96,66,817,680
1962,AL,MIN,163,91,71,798,713
1962,AL,LAA,162,86,76,718,706
1962,AL,DET,161,85,76,758,692
1962,AL,CHA,162,85,77,707,658
1962,AL,CLE,162,80,82,682,745
1962,AL,BAL,162,77,85,652,680
1962,AL,BOS,160,76,84,707,756
1962,AL,KC1,162,72,90,745,837
1962,AL,WS2,162,60,101,599,716
1962,NL,SFN,165,103,62,878,690
1962,NL,LAN,165,102,63,842,697
1962,NL,CIN,162,98,64,802,685
1962,NL,PIT,161,93,68,706,626
1962,NL,ML1,162,86,76,730,665
1962,NL,SLN,163,84,78,774,664
1962,NL,PHI,161,81,80,705,759
1962,NL,HOU,162,64,96,592,717
1962,NL,CHN,162,59,103,632,827
1962,NL,NYN,161,40,120,617,948
1963,AL,NYA,161,104,57,714,547
1963,AL,CHA,162,94,68,683,544
1963,AL,MIN,161,91,70,767,602
1963,AL,BAL,162,86,76,644,621
1963,AL,CLE,162,79,83,635,702
1963,AL,DET,162,79,83,700,703
1963,AL,BOS,161,76,85,666,704
1963,AL,KC1,162,73,89,615,704
1963,AL,LAA,161,70,91,597,660
1963,AL,WS2,162,56,106,578,812
1963,NL,LAN,163,99,63,640,550
1963,NL,SLN,162,93,69,747,628
1963,NL,SFN,162,88,74,725,641
1963,NL,PHI,162,87,75,642,578
1963,NL,CIN,162,86,76,648,594
1963,NL,ML1,163,84,78,677,603
1963,NL,CHN,162,82,80,570,578
1963,NL,PIT,162,74,88,567,595
1963,NL,HOU,162,66,96,464,640
1963,NL,NYN,162,51,111,501,774
1964,AL,NYA,164,99,63,730,577
1964,AL,CHA,162,98,64,642,501
1964,AL,BAL,163,97,65,679,567
1964,AL,DET,163,85,77,699,678
1964,AL,LAA,162,82,80,544,551
1964,AL,CLE,164,79,83,689,693
1964,AL,MIN,163,79,83,737,678
1964,AL,BOS,162,72,90,688,793
1964,AL,WS2,162,62,100,578,733
1964,AL,KC1,163,57,105,621,836
1964,NL,SLN,162,93,69,715,652
1964,NL,CIN,163,92,70,660,566
1964,NL,PHI,162,92,70,693,632
1964,NL,SFN,162,90,72,656,587
1964,NL,ML1,162,88,74,803,744
1964,NL,LAN,164,80,82,614,572
1964,NL,PIT,162,80,82,663,636
1964,NL,CHN,162,76,86,649,724
1964,NL,HOU,162,66,96,495,628
1964,NL,NYN,163,53,109,569,776
1965,AL,MIN,162,102,60,774,600
1965,AL,CHA,162,95,67,647,555
1965,AL,BAL,162,94,68,641,578
1965,AL,DET,162,89,73,680,602
1965,AL,CLE,162,87,75,663,613
1965,AL,NYA,162,77,85,611,604
1965,AL,CAL,162,75,87,527,569
1965,AL,WS2,162,70,92,591,721
1965,AL,BOS,162,62,100,669,791
1965,AL,KC1,162,59,103,585,755
1965,NL,LAN,162,97,65,608,521
1965,NL,SFN,163,95,67,682,593
1965,NL,PIT,163,90,72,675,580
1965,NL,CIN,162,89,73,825,704
1965,NL,ML1,162,86,76,708,633
1965,NL,PHI,162,85,76,654,667
1965,NL,SLN,162,80,81,707,674
1965,NL,CHN,164,72,90,635,723
1965,NL,HOU,162,65,97,569,711
1965,NL,NYN,164,50,112,495,752
1966,AL,BAL,160,97,63,755,601
1966,AL,MIN,162,89,73,663,581
1966,AL,DET,162,88,74,719,698
1966,AL,CHA,163,83,79,574,517
1966,AL,CLE,162,81,81,574,586
1966,AL,CAL,162,80,82,604,643
1966,AL,KC1,160,74,86,564,648
1966,AL,WS2,159,71,88,557,659
1966,AL,BOS,162,72,90,655,731
1966,AL,NYA,160,70,89,611,612
1966,NL,LAN,162,95,67,606,490
1966,NL,SFN,161,93,68,675,626
1966,NL,PIT,162,92,70,759,641
1966,NL,PHI,162,87,75,696,640
1966,NL,ATL,163,85,77,782,683
1966,NL,SLN,162,83,79,571,577
1966,NL,CIN,160,76,84,692,702
1966,NL,HOU,163,72,90,612,695
1966,NL,NYN,161,66,95,587,761
1966,NL,CHN,162,59,103,644,809
1967,AL,BOS,162,92,70,722,614
1967,AL,DET,163,91,71,683,587
1967,AL,MIN,164,91,71,671,590
1967,AL,CHA,162,89,73,531,491
1967,AL,CAL,161,84,77,567,587
1967,AL,BAL,161,76,85,654,592
1967,AL,WS2,161,76,85,550,637
1967,AL,CLE,162,75,87,559,613
1967,AL,NYA,163,72,90,522,621
1967,AL,KC1,161,62,99,533,660
1967,NL,SLN,161,101,60,695,557
1967,NL,SFN,162,91,71,652,551
1967,NL,CHN,162,87,74,702,624
1967,NL,CIN,162,87,75,604,563
1967,NL,PHI,162,82,80,612,581
1967,NL,PIT,163,81,81,679,693
1967,NL,ATL,162,77,85,631,640
1967,NL,LAN,162,73,89,519,595
1967,NL,HOU,162,69,93,626,742
1967,NL,NYN,162,61,101,498,672
1968,AL,DET,164,103,59,671,492
1968,AL,BAL,162,91,71,579,497
1968,AL,CLE,162,86,75,516,504
1968,AL,BOS,162,86,76,614,611
1968,AL,NYA,164,83,79,536,531
1968,AL,OAK,163,82,80,569,544
1968,AL,MIN,162,79,83,562,546
1968,AL,CAL,162,67,95,498,615
1968,AL,CHA,162,67,95,463,527
1968,AL,WS2,161,65,96,524,665
1968,NL,SLN,162,97,65,583,472
1968,NL,SFN,163,88,74,599,529
1968,NL,CHN,163,84,78,612,611
1968,NL,CIN,163,83,79,690,673
1968,NL,ATL,163,81,81,514,549
1968,NL,PIT,163,80,82,583,532
1968,NL,LAN,162,76,86,470,509
1968,NL,PHI,162,76,86,543,615
1968,NL,NYN,163,73,89,473,499
1968,NL,HOU,162,72,90,510,588
1969,AL,BAL,162,109,53,779,517
1969,AL,DET,162,90,72,701,601
1969,AL,BOS,162,87,75,743,736
1969,AL,WS2,162,86,76,694,644
1969,AL,NYA,162,80,81,562,587
1969,AL,CLE,161,62,99,573,717
1969,AL,MIN,162,97,65,790,618
1969,AL,OAK,162,88,74,740,678
1969,AL,CAL,163,71,91,528,652
1969,AL,KCA,163,69,93,586,688
1969,AL,CHA,162,68,94,625,723
1969,AL,SE1,163,64,98,639,799
1969,NL,NYN,162,100,62,632,541
1969,NL,CHN,163,92,70,720,611
1969,NL,PIT,162,88,74,725,652
1969,NL,SLN,162,87,75,595,540
1969,NL,PHI,162,63,99,645,745
1969,NL,MON,162,52,110,582,791
1969,NL,ATL,162,93,69,691,631
1969,NL,SFN,162,90,72,713,636
1969,NL,CIN,163,89,73,798,768
1969,NL,LAN,162,85,77,645,561
1969,NL,HOU,162,81,81,676,668
1969,NL,SDN,162,52,110,468,746
1970,AL,BAL,162,108,54,792,574
1970,AL,NYA,163,93,69,680,612
1970,AL,BOS,162,87,75,786,722
1970,AL,DET,162,79,83,666,731
1970,AL,CLE,162,76,86,649,675
1970,AL,WS2,162,70,92,626,689
1970,AL,MIN,162,98,64,744,605
1970,AL,OAK,162,89,73,678,593
1970,AL,CAL,162,86,76,631,630
1970,AL,KCA,162,65,97,611,705
1970,AL,ML4,163,65,97,613,751
1970,AL,CHA,162,56,106,633,822
1970,NL,PIT,162,89,73,729,664
1970,NL,CHN,162,84,78,806,679
1970,NL,NYN,162,83,79,695,630
1970,NL,SLN,162,76,86,744,747
1970,NL,PHI,161,73,88,594,730
1970,NL,MON,162,73,89,687,807
1970,NL,CIN,162,102,60,775,681
1970,NL,LAN,161,87,74,749,684
1970,NL,SFN,162,86,76,831,826
1970,NL,HOU,162,79,83,744,763
1970,NL,ATL,162,76,86,736,772
1970,NL,SDN,162,63,99,681,788
1971,AL,BAL,158,101,57,742,530
1971,AL,DET,162,91,71,701,645
1971,AL,BOS,162,85,77,691,667
1971,AL,NYA,162,82,80,648,641
1971,AL,WS2,159,63,96,537,660
1971,AL,CLE,162,60,102,543,747
1971,AL,OAK,161,101,60,691,564
1971,AL,KCA,161,85,76,603,566
1971,AL,CHA,162,79,83,617,597
1971,AL,CAL,162,76,86,511,576
1971,AL,MIN,160,74,86,654,670
1971,AL,ML4,161,69,92,534,609
1971,NL,PIT,162,97,65,788,599
1971,NL,SLN,163,90,72,739,699
1971,NL,CHN,162,83,79,637,648
1971,NL,NYN,162,83,79,588,550
1971,NL,MON,162,71,90,622,729
1971,NL,PHI,162,67,95,558,688
1971,NL,SFN,162,90,72,706,644
1971,NL,LAN,162,89,73,663,587
1971,NL,ATL,162,82,80,643,699
1971,NL,CIN,162,79,83,586,581
1971,NL,HOU,162,79,83,585,567
1971,NL,SDN,161,61,100,486,610
1972,AL,DET,156,86,70,558,514
1972,AL,BOS,155,85,70,640,620
1972,AL,BAL,154,80,74,519,430
1972,AL,NYA,155,79,76,557,527
1972,AL,CLE,156,72,84,472,519
1972,AL,ML4,156,65,91,493,595
1972,AL,OAK,155,93,62,604,457
1972,AL,CHA,154,87,67,566,538
1972,AL,MIN,154,77,77,537,535
1972,AL,KCA,154,76,78,580,545
1972,AL,CAL,155,75,80,454,533
1972,AL,TEX,154,54,100,461,628
1972,NL,PIT,155,96,59,691,512
1972,NL,CHN,156,85,70,685,567
1972,NL,NYN,156,83,73,528,578
1972,NL,SLN,156,75,81,568,600
1972,NL,MON,156,70,86,513,609
1972,NL,PHI,156,59,97,503,635
1972,NL,CIN,154,95,59,707,557
1972,NL,LAN,155,85,70,584,527
1972,NL,HOU,153,84,69,708,636
1972,NL,ATL,155,70,84,628,730
1972,NL,SFN,155,69,86,662,649
1972,NL,SDN,153,58,95,488,665
1973,AL,BAL,162,97,65,754,561
1973,AL,BOS,162,89,73,738,647
1973,AL,DET,162,85,77,642,674
1973,AL,NYA,162,80,82,641,610
1973,AL,ML4,162,74,88,708,731
1973,AL,CLE,162,71,91,680,826
1973,AL,OAK,162,94,68,758,615
1973,AL,KCA,162,88,74,755,752
1973,AL,MIN,162,81,81,738,692
1973,AL,CAL,162,79,83,629,657
1973,AL,CHA,162,77,85,652,705
1973,AL,TEX,162,57,105,619,844
1973,NL,NYN,161,82,79,608,588
1973,NL,SLN,162,81,81,643,603
1973,NL,PIT,162,80,82,704,693
1973,NL,MON,162,79,83,668,702
1973,NL,CHN,161,77,84,614,655
1973,NL,PHI,162,71,91,642,717
1973,NL,CIN,162,99,63,741,621
1973,NL,LAN,162,95,66,675,565
1973,NL,SFN,162,88,74,739,702
1973,NL,HOU,162,82,80,681,672
1973,NL,ATL,162,76,85,799,774
1973,NL,SDN,162,60,102,548,770
1974,AL,BAL,162,91,71,659,612
1974,AL,NYA,162,89,73,671,623
1974,AL,BOS,162,84,78,696,661
1974,AL,CLE,162,77,85,662,694
1974,AL,ML4,162,76,86,647,660
1974,AL,DET,162,72,90,620,768
1974,AL,OAK,162,90,72,689,551
1974,AL,TEX,161,84,76,690,698
1974,AL,MIN,163,82,80,673,669
1974,AL,CHA,163,80,80,684,721
1974,AL,KCA,162,77,85,667,662
1974,AL,CAL,163,68,94,618,657
1974,NL,PIT,162,88,74,751,657
1974,NL,SLN,161,86,75,677,643
1974,NL,PHI,162,80,82,676,701
1974,NL,MON,161,79,82,662,657
1974,NL,NYN,162,71,91,572,646
1974,NL,CHN,162,66,96,669,826
1974,NL,LAN,162,102,60,798,561
1974,NL,CIN,163,98,64,776,631
1974,NL,ATL,163,88,74,661,563
1974,NL,HOU,162,81,81,653,632
1974,NL,SFN,162,72,90,634,723
1974,NL,SDN,162,60,102,541,830
1975,AL,BOS,160,95,65,796,709
1975,AL,BAL,159,90,69,682,553
1975,AL,NYA,160,83,77,681,588
1975,AL,CLE,159,79,80,688,703
1975,AL,ML4,162,68,94,675,792
1975,AL,DET,159,57,102,570,786
1975,AL,OAK,162,98,64,758,606
1975,AL,KCA,162,91,71,710,649
1975,AL,TEX,162,79,83,714,733
1975,AL,MIN,159,76,83,724,736
1975,AL,CHA,161,75,86,655,703
1975,AL,CAL,161,72,89,628,723
1975,NL,PIT,161,92,69,712,565
1975,NL,PHI,162,86,76,735,694
1975,NL,NYN,162,82,80,646,625
1975,NL,SLN,163,82,80,662,689
1975,NL,CHN,162,75,87,712,827
1975,NL,MON,162,75,87,601,690
1975,NL,CIN,162,108,54,840,586
1975,NL,LAN,162,88,74,648,534
1975,NL,SFN,161,80,81,659,671
1975,NL,SDN,162,71,91,552,683
1975,NL,ATL,161,67,94,583,739
1975,NL,HOU,162,64,97,664,711
1976,AL,NYA,159,97,62,730,575
1976,AL,BAL,162,88,74,619,598
1976,AL,BOS,162,83,79,716,660
1976,AL,CLE,159,81,78,615,615
1976,AL,DET,161,74,87,609,709
1976,AL,ML4,161,66,95,570,655
1976,AL,KCA,162,90,72,713,611
1976,AL,OAK,161,87,74,686,598
1976,AL,MIN,162,85,77,743,704
1976,AL,CAL,162,76,86,550,631
1976,AL,TEX,162,76,86,616,652
1976,AL,CHA,161,64,97,586,745
1976,NL,PHI,162,101,61,770,557
1976,NL,PIT,162,92,70,708,630
1976,NL,NYN,162,86,76,615,538
1976,NL,CHN,162,75,87,611,728
1976,NL,SLN,162,72,90,629,671
1976,NL,MON,162,55,107,531,734
1976,NL,CIN,162,102,60,857,633
1976,NL,LAN,162,92,70,608,543
1976,NL,HOU,162,80,82,625,657
1976,NL,SFN,162,74,88,595,686
1976,NL,SDN,162,73,89,570,662
1976,NL,ATL,162,70,92,620,700
1977,AL,NYA,162,100,62,831,651
1977,AL,BAL,161,97,64,719,653
1977,AL,BOS,161,97,64,859,712
1977,AL,DET,162,74,88,714,751
1977,AL,CLE,161,71,90,676,739
1977,AL,ML4,162,67,95,639,765
1977,AL,TOR,161,54,107,605,822
1977,AL,KCA,162,102,60,822,651
1977,AL,TEX,162,94,68,767,657
1977,AL,CHA,162,90,72,844,771
1977,AL,MIN,161,84,77,867,776
1977,AL,CAL,162,74,88,675,695
1977,AL,SEA,162,64,98,624,855
1977,AL,OAK,161,63,98,605,749
1977,NL,PHI,162,101,61,847,668
1977,NL,PIT,162,96,66,734,665
1977,NL,SLN,162,83,79,737,688
1977,NL,CHN,162,81,81,692,739
1977,NL,MON,162,75,87,665,736
1977,NL,NYN,162,64,98,587,663
1977,NL,LAN,162,98,64,769,582
1977,NL,CIN,162,88,74,802,725
1977,NL,HOU,162,81,81,680,650
1977,NL,SFN,162,75,87,673,711
1977,NL,SDN,162,69,93,692,834
1977,NL,ATL,162,61,101,678,895
1978,AL,NYA,163,100,63,735,582
1978,AL,BOS,163,99,64,796,657
1978,AL,ML4,162,93,69,804,650
1978,AL,BAL,161,90,71,659,633
1978,AL,DET,162,86,76,714,653
1978,AL,CLE,159,69,90,639,694
1978,AL,TOR,161,59,102,590,775
1978,AL,KCA,162,92,70,743,634
1978,AL,CAL,162,87,75,691,666
1978,AL,TEX,162,87,75,692,632
1978,AL,MIN,162,73,89,666,678
1978,AL,CHA,161,71,90,634,731
1978,AL,OAK,162,69,93,532,690
1978,AL,SEA,160,56,104,614,834
1978,NL,PHI,162,90,72,708,586
1978,NL,PIT,161,88,73,684,637
1978,NL,CHN,162,79,83,664,724
1978,NL,MON,162,76,86,633,611
1978,NL,SLN,162,69,93,600,657
1978,NL,NYN,162,66,96,607,690
1978,NL,LAN,162,95,67,727,573
1978,NL,CIN,161,92,69,710,688
1978,NL,SFN,162,89,73,613,594
1978,NL,SDN,162,84,78,591,598
1978,NL,HOU,162,74,88,605,634
1978,NL,ATL,162,69,93,600,750
1979,AL,BAL,159,102,57,757,582
1979,AL,ML4,161,95,66,807,722
1979,AL,BOS,160,91,69,841,711
1979,AL,NYA,160,89,71,734,672
1979,AL,DET,161,85,76,770,738
1979,AL,CLE,161,81,80,760,805
1979,AL,TOR,162,53,109,613,862
1979,AL,CAL,162,88,74,866,768
1979,AL,KCA,162,85,77,851,816
1979,AL,TEX,162,83,79,750,698
1979,AL,MIN,162,82,80,764,725
1979,AL,CHA,160,73,87,730,748
1979,AL,SEA,162,67,95,711,820
1979,AL,OAK,162,54,108,573,860
1979,NL,PIT,163,98,64,775,643
1979,NL,MON,160,95,65,701,581
1979,NL,SLN,163,86,76,731,693
1979,NL,PHI,163,84,78,683,718
1979,NL,CHN,162,80,82,706,707
1979,NL,NYN,163,63,99,593,706
1979,NL,CIN,161,90,71,731,644
1979,NL,HOU,162,89,73,583,582
1979,NL,LAN,162,79,83,739,717
1979,NL,SFN,162,71,91,672,751
1979,NL,SDN,161,68,93,603,681
1979,NL,ATL,160,66,94,669,763
1980,AL,NYA,162,103,59,820,662
1980,AL,BAL,162,100,62,805,640
1980,AL,ML4,162,86,76,811,682
1980,AL,DET,163,84,78,830,757
1980,AL,BOS,160,83,77,757,767
1980,AL,CLE,160,79,81,738,807
1980,AL,TOR,162,67,95,624,762
1980,AL,KCA,162,97,65,809,694
1980,AL,OAK,162,83,79,686,642
1980,AL,MIN,161,77,84,670,724
1980,AL,TEX,163,76,85,756,752
1980,AL,CHA,162,70,90,587,722
1980,AL,CAL,160,65,95,698,797
1980,AL,SEA,163,59,103,610,793
1980,NL,PHI,162,91,71,728,639
1980,NL,MON,162,90,72,694,629
1980,NL,PIT,162,83,79,666,646
1980,NL,SLN,162,74,88,738,710
1980,NL,NYN,162,67,95,611,702
1980,NL,CHN,162,64,98,614,728
1980,NL,HOU,163,93,70,637,589
1980,NL,LAN,163,92,71,663,591
1980,NL,CIN,163,89,73,707,670
1980,NL,ATL,161,81,80,630,660
1980,NL,SFN,161,75,86,573,634
1980,NL,SDN,163,73,89,591,654
1981,AL,ML4,109,62,47,493,459
1981,AL,BAL,105,59,46,429,437
1981,AL,DET,109,60,49,427,404
1981,AL,NYA,107,59,48,421,343
1981,AL,BOS,108,59,49,519,481
1981,AL,CLE,103,52,51,431,442
1981,AL,TOR,106,37,69,329,466
1981,AL,OAK,109,64,45,458,403
1981,AL,TEX,105,57,48,452,389
1981,AL,CHA,106,54,52,476,423
1981,AL,KCA,103,50,53,397,405
1981,AL,CAL,110,51,59,476,453
1981,AL,SEA,110,44,65,426,521
1981,AL,MIN,110,41,68,378,486
1981,NL,SLN,103,59,43,464,417
1981,NL,MON,108,60,48,443,394
1981,NL,PHI,107,59,48,491,472
1981,NL,PIT,103,46,56,407,425
1981,NL,NYN,105,41,62,348,432
1981,NL,CHN,106,38,65,370,483
1981,NL,CIN,108,66,42,464,440
1981,NL,LAN,110,63,47,450,356
1981,NL,HOU,110,61,49,394,331
1981,NL,SFN,111,56,55,427,414
1981,NL,ATL,107,50,56,395,416
1981,NL,SDN,110,41,69,382,455
1982,AL,ML4,163,95,67,891,717
1982,AL,BAL,163,94,68,774,687
1982,AL,BOS,162,89,73,753,713
1982,AL,DET,162,83,79,729,685
1982,AL,NYA,162,79,83,709,716
1982,AL,CLE,162,78,84,683,748
1982,AL,TOR,162,78,84,651,701
1982,AL,CAL,162,93,69,814,670
1982,AL,KCA,162,90,72,784,717
1982,AL,CHA,162,87,75,786,710
1982,AL,SEA,162,76,86,651,712
1982,AL,OAK,162,68,94,691,819
1982,AL,TEX,162,64,98,590,749
1982,AL,MIN,162,60,102,657,819
1982,NL,SLN,162,92,70,685,609
1982,NL,PHI,162,89,73,664,654
1982,NL,MON,162,86,76,697,616
1982,NL,PIT,162,84,78,724,696
1982,NL,CHN,162,73,89,676,709
1982,NL,NYN,162,65,97,609,723
1982,NL,ATL,162,89,73,739,702
1982,NL,LAN,162,88,74,691,612
1982,NL,SFN,162,87,75,673,687
1982,NL,SDN,162,81,81,675,658
1982,NL,HOU,162,77,85,569,620
1982,NL,CIN,162,61,101,545,661
1983,AL,BAL,162,98,64,799,652
1983,AL,DET,162,92,70,789,679
1983,AL,NYA,162,91,71,770,703
1983,AL,TOR,162,89,73,795,726
1983,AL,ML4,162,87,75,764,708
1983,AL,BOS,162,78,84,724,775
1983,AL,CLE,162,70,92,704,785
1983,AL,CHA,162,99,63,800,650
1983,AL,KCA,163,79,83,696,767
1983,AL,TEX,163,77,85,639,609
1983,AL,OAK,162,74,88,708,782
1983,AL,CAL,162,70,92,722,779
1983,AL,MIN,162,70,92,709,822
1983,AL,SEA,162,60,102,558,740
1983,NL,PHI,163,90,72,696,635
1983,NL,PIT,162,84,78,659,648
1983,NL,MON,163,82,80,677,646
1983,NL,SLN,162,79,83,679,710
1983,NL,CHN,162,71,91,701,719
1983,NL,NYN,162,68,94,575,680
1983,NL,LAN,163,91,71,654,609
1983,NL,ATL,162,88,74,746,640
1983,NL,HOU,162,85,77,643,646
1983,NL,SDN,163,81,81,653,653
1983,NL,SFN,162,79,83,687,697
1983,NL,CIN,162,74,88,623,710
1984,AL,DET,162,104,58,829,643
1984,AL,TOR,163,89,73,750,696
1984,AL,NYA,162,87,75,758,679
1984,AL,BOS,162,86,76,810,764
1984,AL,BAL,162,85,77,681,667
1984,AL,CLE,163,75,87,761,766
1984,AL,ML4,161,67,94,641,734
1984,AL,KCA,162,84,78,673,686
1984,AL,CAL,162,81,81,696,697
1984,AL,MIN,162,81,81,673,675
1984,AL,OAK,162,77,85,738,796
1984,AL,CHA,162,74,88,679,736
1984,AL,SEA,162,74,88,682,774
1984,AL,TEX,161,69,92,656,714
1984,NL,CHN,161,96,65,762,658
1984,NL,NYN,162,90,72,652,676
1984,NL,SLN,162,84,78,652,645
1984,NL,PHI,162,81,81,720,690
1984,NL,MON,161,78,83,593,585
1984,NL,PIT,162,75,87,615,567
1984,NL,SDN,162,92,70,686,634
1984,NL,ATL,162,80,82,632,655
1984,NL,HOU,162,80,82,693,630
1984,NL,LAN,162,79,83,580,600
1984,NL,CIN,162,70,92,627,747
1984,NL,SFN,162,66,96,682,807
1985,AL,TOR,161,99,62,759,588
1985,AL,NYA,161,97,64,839,660
1985,AL,DET,161,84,77,729,688
1985,AL,BAL,161,83,78,818,764
1985,AL,BOS,163,81,81,800,720
1985,AL,ML4,161,71,90,690,802
1985,AL,CLE,162,60,102,729,861
1985,AL,KCA,162,91,71,687,639
1985,AL,CAL,162,90,72,732,703
1985,AL,CHA,163,85,77,736,720
1985,AL,MIN,162,77,85,705,782
1985,AL,OAK,162,77,85,757,787
1985,AL,SEA,162,74,88,719,818
1985,AL,TEX,161,62,99,617,785
1985,NL,SLN,162,101,61,747,572
1985,NL,NYN,162,98,64,695,568
1985,NL,MON,161,84,77,633,636
1985,NL,CHN,162,77,84,686,729
1985,NL,PHI,162,75,87,667,673
1985,NL,PIT,161,57,104,568,708
1985,NL,LAN,162,95,67,682,579
1985,NL,CIN,162,89,72,677,666
1985,NL,HOU,162,83,79,706,691
1985,NL,SDN,162,83,79,650,622
1985,NL,ATL,162,66,96,632,781
1985,NL,SFN,162,62,100,556,674
1986,AL,BOS,161,95,66,794,696
1986,AL,NYA,162,90,72,797,738
1986,AL,DET,162,87,75,798,714
1986,AL,TOR,163,86,76,809,733
1986,AL,CLE,163,84,78,831,841
1986,AL,ML4,161,77,84,667,734
1986,AL,BAL,162,73,89,708,760
1986,AL,CAL,162,92,70,786,684
1986,AL,TEX,162,87,75,771,743
1986,AL,KCA,162,76,86,654,673
1986,AL,OAK,162,76,86,731,760
1986,AL,CHA,162,72,90,644,699
1986,AL,MIN,162,71,91,741,839
1986,AL,SEA,162,67,95,718,835
1986,NL,NYN,162,108,54,783,578
1986,NL,PHI,161,86,75,739,713
1986,NL,SLN,161,79,82,601,611
1986,NL,MON,161,78,83,637,688
1986,NL,CHN,160,70,90,680,781
1986,NL,PIT,162,64,98,663,700
1986,NL,HOU,162,96,66,654,569
1986,NL,CIN,162,86,76,732,717
1986,NL,SFN,162,83,79,698,618
1986,NL,SDN,162,74,88,656,723
1986,NL,LAN,162,73,89,638,679
1986,NL,ATL,161,72,89,615,719
1987,AL,DET,162,98,64,896,735
1987,AL,TOR,162,96,66,845,655
1987,AL,ML4,162,91,71,862,817
1987,AL,NYA,162,89,73,788,758
1987,AL,BOS,162,78,84,842,825
1987,AL,BAL,162,67,95,729,880
1987,AL,CLE,162,61,101,742,957
1987,AL,MIN,162,85,77,786,806
1987,AL,KCA,162,83,79,715,691
1987,AL,OAK,162,81,81,806,789
1987,AL,SEA,162,78,84,760,801
1987,AL,CHA,162,77,85,748,746
1987,AL,CAL,162,75,87,770,803
1987,AL,TEX,162,75,87,823,849
1987,NL,SLN,162,95,67,798,693
1987,NL,NYN,162,92,70,823,698
1987,NL,MON,162,91,71,741,720
1987,NL,PHI,162,80,82,702,749
1987,NL,PIT,162,80,82,723,744
1987,NL,CHN,161,76,85,720,801
1987,NL,SFN,162,90,72,783,669
1987,NL,CIN,162,84,78,783,752
1987,NL,HOU,162,76,86,648,678
1987,NL,LAN,162,73,89,635,675
1987,NL,ATL,161,69,92,747,829
1987,NL,SDN,162,65,97,668,763
1988,AL,BOS,162,89,73,813,689
1988,AL,DET,162,88,74,703,658
1988,AL,ML4,162,87,75,682,616
1988,AL,TOR,162,87,75,763,680
1988,AL,NYA,161,85,76,772,748
1988,AL,CLE,162,78,84,666,731
1988,AL,BAL,161,54,107,550,789
1988,AL,OAK,162,104,58,800,620
1988,AL,MIN,162,91,71,759,672
1988,AL,KCA,161,84,77,704,648
1988,AL,CAL,162,75,87,714,771
1988,AL,CHA,161,71,90,631,757
1988,AL,TEX,161,70,91,637,735
1988,AL,SEA,161,68,93,664,744
1988,NL,NYN,160,100,60,703,532
1988,NL,PIT,160,85,75,651,616
1988,NL,MON,163,81,81,628,592
1988,NL,CHN,163,77,85,660,694
1988,NL,SLN,162,76,86,578,633
1988,NL,PHI,162,65,96,597,734
1988,NL,LAN,162,94,67,628,544
1988,NL,CIN,161,87,74,641,596
1988,NL,SDN,161,83,78,594,583
1988,NL,SFN,162,83,79,670,626
1988,NL,HOU,162,82,80,617,631
1988,NL,ATL,160,54,106,555,741
1989,AL,TOR,162,89,73,731,651
1989,AL,BAL,162,87,75,708,686
1989,AL,BOS,162,83,79,774,735
1989,AL,ML4,162,81,81,707,679
1989,AL,NYA,161,74,87,698,792
1989,AL,CLE,162,73,89,604,654
1989,AL,DET,162,59,103,617,816
1989,AL,OAK,162,99,63,712,576
1989,AL,KCA,162,92,70,690,635
1989,AL,CAL,162,91,71,669,578
1989,AL,TEX,162,83,79,695,714
1989,AL,MIN,162,80,82,740,738
1989,AL,SEA,162,73,89,694,728
1989,AL,CHA,161,69,92,693,750
1989,NL,CHN,162,93,69,702,623
1989,NL,NYN,162,87,75,683,595
1989,NL,SLN,164,86,76,632,608
1989,NL,MON,162,81,81,632,630
1989,NL,PIT,164,74,88,637,680
1989,NL,PHI,163,67,95,629,735
1989,NL,SFN,162,92,70,699,600
1989,NL,SDN,162,89,73,642,626
1989,NL,HOU,162,86,76,647,669
1989,NL,LAN,160,77,83,554,536
1989,NL,CIN,162,75,87,632,691
1989,NL,ATL,161,63,97,584,680
1990,AL,BOS,162,88,74,699,664
1990,AL,TOR,162,86,76,767,661
1990,AL,DET,162,79,83,750,754
1990,AL,CLE,162,77,85,732,737
1990,AL,BAL,161,76,85,669,698
1990,AL,ML4,162,74,88,732,760
1990,AL,NYA,162,67,95,603,749
1990,AL,OAK,162,103,59,733,570
1990,AL,CHA,162,94,68,682,633
1990,AL,TEX,162,83,79,676,696
1990,AL,CAL,162,80,82,690,706
1990,AL,SEA,162,77,85,640,680
1990,AL,KCA,161,75,86,707,709
1990,AL,MIN,162,74,88,666,729
1990,NL,PIT,162,95,67,733,619
1990,NL,NYN,162,91,71,775,613
1990,NL,MON,162,85,77,662,598
1990,NL,CHN,162,77,85,690,774
1990,NL,PHI,162,77,85,646,729
1990,NL,SLN,162,70,92,599,698
1990,NL,CIN,162,91,71,693,597
1990,NL,LAN,162,86,76,728,685
1990,NL,SFN,162,85,77,719,710
1990,NL,HOU,162,75,87,573,656
1990,NL,SDN,162,75,87,673,673
1990,NL,ATL,162,65,97,682,821
1991,AL,TOR,162,91,71,684,622
1991,AL,BOS,162,84,78,731,712
1991,AL,DET,162,84,78,817,794
1991,AL,ML4,162,83,79,799,744
1991,AL,NYA,162,71,91,674,777
1991,AL,BAL,162,67,95,686,796
1991,AL,CLE,162,57,105,576,759
1991,AL,MIN,162,95,67,776,652
1991,AL,CHA,162,87,75,758,681
1991,AL,TEX,162,85,77,829,814
1991,AL,OAK,162,84,78,760,776
1991,AL,SEA,162,83,79,702,674
1991,AL,KCA,162,82,80,727,722
1991,AL,CAL,162,81,81,653,649
1991,NL,PIT,162,98,64,768,632
1991,NL,SLN,162,84,78,651,648
1991,NL,PHI,162,78,84,629,680
1991,NL,CHN,160,77,83,695,734
1991,NL,NYN,161,77,84,640,646
1991,NL,MON,161,71,90,579,655
1991,NL,ATL,162,94,68,749,644
1991,NL,LAN,162,93,69,665,565
1991,NL,SDN,162,84,78,636,646
1991,NL,SFN,162,75,87,649,697
1991,NL,CIN,162,74,88,689,691
1991,NL,HOU,162,65,97,605,717
1992,AL,TOR,162,96,66,780,682
1992,AL,ML4,162,92,70,740,604
1992,AL,BAL,162,89,73,705,656
1992,AL,CLE,162,76,86,674,746
1992,AL,NYA,162,76,86,733,746
1992,AL,DET,162,75,87,791,794
1992,AL,BOS,162,73,89,599,669
1992,AL,OAK,162,96,66,745,672
1992,AL,MIN,162,90,72,747,653
1992,AL,CHA,162,86,76,738,690
1992,AL,TEX,162,77,85,682,753
1992,AL,CAL,162,72,90,579,671
1992,AL,KCA,162,72,90,610,667
1992,AL,SEA,162,64,98,679,799
1992,NL,PIT,162,96,66,693,595
1992,NL,MON,162,87,75,648,581
1992,NL,SLN,162,83,79,631,604
1992,NL,CHN,162,78,84,593,624
1992,NL,NYN,162,72,90,599,653
1992,NL,PHI,162,70,92,686,717
1992,NL,ATL,162,98,64,682,569
1992,NL,CIN,162,90,72,660,609
1992,NL,SDN,162,82,80,617,636
1992,NL,HOU,162,81,81,608,668
1992,NL,SFN,162,72,90,574,647
1992,NL,LAN,162,63,99,548,636
1993,AL,TOR,162,95,67,847,742
1993,AL,NYA,162,88,74,821,761
1993,AL,BAL,162,85,77,786,745
1993,AL,DET,162,85,77,899,837
1993,AL,BOS,162,80,82,686,698
1993,AL,CLE,162,76,86,790,813
1993,AL,ML4,162,69,93,733,792
1993,AL,CHA,162,94,68,776,664
1993,AL,TEX,162,86,76,835,751
1993,AL,KCA,162,84,78,675,694
1993,AL,SEA,162,82,80,734,731
1993,AL,CAL,162,71,91,684,770
1993,AL,MIN,162,71,91,693,830
1993,AL,OAK,162,68,94,715,846
1993,NL,PHI,162,97,65,877,740
1993,NL,MON,163,94,68,732,682
1993,NL,SLN,162,87,75,758,744
1993,NL,CHN,163,84,78,738,739
1993,NL,PIT,162,75,87,707,806
1993,NL,FLO,162,64,98,581,724
1993,NL,NYN,162,59,103,672,744
1993,NL,ATL,162,104,58,767,559
1993,NL,SFN,162,103,59,808,636
1993,NL,HOU,162,85,77,716,630
1993,NL,LAN,162,81,81,675,662
1993,NL,CIN,162,73,89,722,785
1993,NL,COL,162,67,95,758,967
1993,NL,SDN,162,61,101,679,772
1994,AL,CHA,113,67,46,633,498
1994,AL,CLE,113,66,47,679,562
1994,AL,KCA,115,64,51,574,532
1994,AL,MIN,113,53,60,594,688
1994,AL,ML4,115,53,62,547,586
1994,AL,NYA,113,70,43,670,534
1994,AL,BAL,112,63,49,589,497
1994,AL,TOR,115,55,60,566,579
1994,AL,BOS,115,54,61,552,621
1994,AL,DET,115,53,62,652,671
1994,AL,TEX,114,52,62,613,697
1994,AL,OAK,114,51,63,549,589
1994,AL,SEA,112,49,63,569,616
1994,AL,CAL,115,47,68,543,660
1994,NL,CIN,115,66,48,609,490
1994,NL,HOU,115,66,49,602,503
1994,NL,PIT,114,53,61,466,580
1994,NL,SLN,115,53,61,535,621
1994,NL,CHN,113,49,64,500,549
1994,NL,MON,114,74,40,585,454
1994,NL,ATL,114,68,46,542,448
1994,NL,NYN,113,55,58,506,526
1994,NL,PHI,115,54,61,521,497
1994,NL,FLO,115,51,64,468,576
1994,NL,LAN,114,58,56,532,509
1994,NL,SFN,115,55,60,504,500
1994,NL,COL,117,53,64,573,638
1994,NL,SDN,117,47,70,479,531
1995,AL,CLE,144,100,44,840,607
1995,AL,KCA,144,70,74,629,691
1995,AL,CHA,145,68,76,755,758
1995,AL,ML4,144,65,79,740,747
1995,AL,MIN,144,56,88,703,889
1995,AL,BOS,144,86,58,791,698
1995,AL,NYA,145,79,65,749,688
1995,AL,BAL,144,71,73,704,640
1995,AL,DET,144,60,84,654,844
1995,AL,TOR,144,56,88,642,777
1995,AL,SEA,145,79,66,796,708
1995,AL,CAL,145,78,67,801,697
1995,AL,TEX,144,74,70,691,720
1995,AL,OAK,144,67,77,730,761
1995,NL,CIN,144,85,59,747,623
1995,NL,HOU,144,76,68,747,674
1995,NL,CHN,144,73,71,693,671
1995,NL,SLN,143,62,81,563,658
1995,NL,PIT,144,58,86,629,736
1995,NL,ATL,144,90,54,645,540
1995,NL,NYN,144,69,75,657,618
1995,NL,PHI,144,69,75,615,658
1995,NL,FLO,143,67,76,673,673
1995,NL,MON,144,66,78,621,638
1995,NL,LAN,144,78,66,634,609
1995,NL,COL,144,77,67,785,783
1995,NL,SDN,144,70,74,668,672
1995,NL,SFN,144,67,77,652,776
1996,AL,CLE,161,99,62,952,769
1996,AL,CHA,162,85,77,898,794
1996,AL,ML4,162,80,82,894,899
1996,AL,MIN,162,78,84,877,900
1996,AL,KCA,161,75,86,746,786
1996,AL,NYA,162,92,70,871,787
1996,AL,BAL,163,88,74,949,903
1996,AL,BOS,162,85,77,928,921
1996,AL,TOR,162,74,88,766,809
1996,AL,DET,162,53,109,783,1103
1996,AL,TEX,163,90,72,928,799
1996,AL,SEA,161,85,76,993,895
1996,AL,OAK,162,78,84,861,900
1996,AL,CAL,161,70,91,762,943
1996,NL,SLN,162,88,74,759,706
1996,NL,HOU,162,82,80,753,792
1996,NL,CIN,162,81,81,778,773
1996,NL,CHN,162,76,86,772,771
1996,NL,PIT,162,73,89,776,833
1996,NL,ATL,162,96,66,773,648
1996,NL,MON,162,88,74,741,668
1996,NL,FLO,162,80,82,688,703
1996,NL,NYN,162,71,91,746,779
1996,NL,PHI,162,67,95,650,790
1996,NL,SDN,162,91,71,771,682
1996,NL,LAN,162,90,72,703,652
1996,NL,COL,162,83,79,961,964
1996,NL,SFN,162,68,94,752,862
1997,AL,CLE,161,86,75,868,815
1997,AL,CHA,161,80,81,779,833
1997,AL,ML4,161,78,83,681,742
1997,AL,MIN,162,68,94,772,861
1997,AL,KCA,161,67,94,747,820
1997,AL,BAL,162,98,64,812,681
1997,AL,NYA,162,96,66,891,688
1997,AL,DET,162,79,83,784,790
1997,AL,BOS,162,78,84,851,857
1997,AL,TOR,162,76,86,654,694
1997,AL,SEA,162,90,72,925,833
1997,AL,ANA,162,84,78,829,794
1997,AL,TEX,162,77,85,807,823
1997,AL,OAK,162,65,97,764,946
1997,NL,HOU,162,84,78,777,660
1997,NL,PIT,162,79,83,725,760
1997,NL,CIN,162,76,86,651,764
1997,NL,SLN,162,73,89,689,708
1997,NL,CHN,162,68,94,687,759
1997,NL,ATL,162,101,61,791,581
1997,NL,FLO,162,92,70,740,669
1997,NL,NYN,162,88,74,777,709
1997,NL,MON,162,78,84,691,740
1997,NL,PHI,162,68,94,668,840
1997,NL,SFN,162,90,72,784,793
1997,NL,LAN,162,88,74,742,645
1997,NL,COL,162,83,79,923,908
1997,NL,SDN,162,76,86,795,891
1998,AL,CLE,162,89,73,850,779
1998,AL,CHA,163,80,82,861,931
1998,AL,KCA,161,72,89,714,899
1998,AL,MIN,162,70,92,734,818
1998,AL,DET,162,65,97,722,863
1998,AL,NYA,162,114,48,965,656
1998,AL,BOS,162,92,70,876,729
1998,AL,TOR,163,88,74,816,768
1998,AL,BAL,162,79,83,817,785
1998,AL,TBA,162,63,99,620,751
1998,AL,TEX,162,88,74,940,871
1998,AL,ANA,162,85,77,787,783
1998,AL,SEA,161,76,85,859,855
1998,AL,OAK,162,74,88,804,866
1998,NL,HOU,162,102,60,874,620
1998,NL,CHN,163,90,73,831,792
1998,NL,SLN,163,83,79,810,782
1998,NL,CIN,162,77,85,750,760
1998,NL,MIL,162,74,88,707,812
1998,NL,PIT,163,69,93,650,718
1998,NL,ATL,162,106,56,826,581
1998,NL,NYN,162,88,74,706,645
1998,NL,PHI,162,75,87,713,808
1998,NL,MON,162,65,97,644,783
1998,NL,FLO,162,54,108,667,923
1998,NL,SDN,162,98,64,749,635
1998,NL,SFN,163,89,74,845,739
1998,NL,LAN,162,83,79,669,678
1998,NL,COL,162,77,85,826,855
1998,NL,ARI,162,65,97,665,812
1999,AL,CLE,162,97,65,1009,860
1999,AL,CHA,162,75,86,777,870
1999,AL,DET,161,69,92,747,882
1999,AL,KCA,161,64,97,856,921
1999,AL,MIN,161,63,97,686,845
1999,AL,NYA,162,98,64,900,731
1999,AL,BOS,162,94,68,836,718
1999,AL,TOR,162,84,78,883,862
1999,AL,BAL,162,78,84,851,815
1999,AL,TBA,162,69,93,772,913
1999,AL,TEX,162,95,67,945,859
1999,AL,OAK,162,87,75,893,846
1999,AL,SEA,162,79,83,859,905
1999,AL,ANA,162,70,92,711,826
1999,NL,HOU,162,97,65,823,675
1999,NL,CIN,163,96,67,865,711
1999,NL,PIT,161,78,83,775,782
1999,NL,SLN,161,75,86,809,838
1999,NL,MIL,161,74,87,815,886
1999,NL,CHN,162,67,95,747,920
1999,NL,ATL,162,103,59,840,661
1999,NL,NYN,163,97,66,853,711
1999,NL,PHI,162,77,85,841,846
1999,NL,MON,162,68,94,718,853
1999,NL,FLO,162,64,98,691,852
1999,NL,ARI,162,100,62,908,676
1999,NL,SFN,162,86,76,872,831
1999,NL,LAN,162,77,85,793,787
1999,NL,SDN,162,74,88,710,781
1999,NL,COL,162,72,90,906,1028
2000,AL,CHA,162,95,67,978,839
2000,AL,CLE,162,90,72,950,816
2000,AL,DET,162,79,83,823,827
2000,AL,KCA,162,77,85,879,930
2000,AL,MIN,162,69,93,748,880
2000,AL,NYA,161,87,74,871,814
2000,AL,BOS,162,85,77,792,745
2000,AL,TOR,162,83,79,861,908
2000,AL,BAL,162,74,88,794,913
2000,AL,TBA,161,69,92,733,842
2000,AL,OAK,161,91,70,947,813
2000,AL,SEA,162,91,71,907,780
2000,AL,ANA,162,82,80,864,869
2000,AL,TEX,162,71,91,848,974
2000,NL,SLN,162,95,67,887,771
2000,NL,CIN,163,85,77,825,765
2000,NL,MIL,163,73,89,740,826
2000,NL,HOU,162,72,90,938,944
2000,NL,PIT,162,69,93,793,888
2000,NL,CHN,162,65,97,764,904
2000,NL,ATL,162,95,67,810,714
2000,NL,NYN,162,94,68,807,738
2000,NL,FLO,161,79,82,731,797
2000,NL,MON,162,67,95,738,902
2000,NL,PHI,162,65,97,708,830
2000,NL,SFN,162,97,65,925,747
2000,NL,LAN,162,86,76,798,729
2000,NL,ARI,162,85,77,792,754
2000,NL,COL,162,82,80,968,897
2000,NL,SDN,162,76,86,752,815
2001,AL,CLE,162,91,71,897,821
2001,AL,MIN,162,85,77,771,766
2001,AL,CHA,162,83,79,798,795
2001,AL,DET,162,66,96,724,876
2001,AL,KCA,162,65,97,729,858
2001,AL,NYA,161,95,65,804,713
2001,AL,BOS,161,82,79,772,745
2001,AL,TOR,162,80,82,767,753
2001,AL,BAL,162,63,98,687,829
2001,AL,TBA,162,62,100,672,887
2001,AL,SEA,162,116,46,927,627
2001,AL,OAK,162,102,60,884,645
2001,AL,ANA,162,75,87,691,730
2001,AL,TEX,162,73,89,890,968
2001,NL,HOU,162,93,69,847,769
2001,NL,SLN,162,93,69,814,684
2001,NL,CHN,162,88,74,777,701
2001,NL,MIL,162,68,94,740,806
2001,NL,CIN,162,66,96,735,850
2001,NL,PIT,162,62,100,657,858
2001,NL,ATL,162,88,74,729,643
2001,NL,PHI,162,86,76,746,719
2001,NL,NYN,162,82,80,642,713
2001,NL,FLO,162,76,86,742,744
2001,NL,MON,162,68,94,670,812
2001,NL,ARI,162,92,70,818,677
2001,NL,SFN,162,90,72,799,748
2001,NL,LAN,162,86,76,758,744
2001,NL,SDN,162,79,83,789,812
2001,NL,COL,162,73,89,923,906
2002,AL,MIN,161,94,67,768,712
2002,AL,CHA,162,81,81,856,798
2002,AL,CLE,162,74,88,739,837
2002,AL,KCA,162,62,100,737,891
2002,AL,DET,161,55,106,575,864
2002,AL,NYA,161,103,58,897,697
2002,AL,BOS,162,93,69,859,665
2002,AL,TOR,162,78,84,813,828
2002,AL,BAL,162,67,95,667,773
2002,AL,TBA,161,55,106,673,918
2002,AL,OAK,162,103,59,800,654
2002,AL,ANA,162,99,63,851,644
2002,AL,SEA,162,93,69,814,699
2002,AL,TEX,162,72,90,843,882
2002,NL,SLN,162,97,65,787,648
2002,NL,HOU,162,84,78,749,695
2002,NL,CIN,162,78,84,709,774
2002,NL,PIT,161,72,89,641,730
2002,NL,CHN,162,67,95,706,759
2002,NL,MIL,162,56,106,627,821
2002,NL,ATL,161,101,59,708,565
2002,NL,MON,162,83,79,735,718
2002,NL,PHI,161,80,81,710,724
2002,NL,FLO,162,79,83,699,763
2002,NL,NYN,161,75,86,690,703
2002,NL,ARI,162,98,64,819,674
2002,NL,SFN,162,95,66,783,616
2002,NL,LAN,162,92,70,713,643
2002,NL,COL,162,73,89,778,898
2002,NL,SDN,162,66,96,662,815
2003,AL,MIN,162,90,72,801,758
2003,AL,CHA,162,86,76,791,715
2003,AL,KCA,162,83,79,836,867
2003,AL,CLE,162,68,94,699,778
2003,AL,DET,162,43,119,591,928
2003,AL,NYA,163,101,61,877,716
2003,AL,BOS,162,95,67,961,809
2003,AL,TOR,162,86,76,894,826
2003,AL,BAL,163,71,91,743,820
2003,AL,TBA,162,63,99,715,852
2003,AL,OAK,162,96,66,768,643
2003,AL,SEA,162,93,69,795,637
2003,AL,ANA,162,77,85,736,743
2003,AL,TEX,162,71,91,826,969
2003,NL,CHN,162,88,74,724,683
2003,NL,HOU,162,87,75,805,677
2003,NL,SLN,162,85,77,876,796
2003,NL,PIT,162,75,87,753,801
2003,NL,CIN,162,69,93,694,886
2003,NL,MIL,162,68,94,714,873
2003,NL,ATL,162,101,61,907,740
2003,NL,FLO,162,91,71,751,692
2003,NL,PHI,162,86,76,791,697
2003,NL,MON,162,83,79,711,716
2003,NL,NYN,161,66,95,642,754
2003,NL,SFN,161,100,61,755,638
2003,NL,LAN,162,85,77,574,556
2003,NL,ARI,162,84,78,717,685
2003,NL,COL,162,74,88,853,892
2003,NL,SDN,162,64,98,678,831
2004,AL,MIN,162,92,70,780,715
2004,AL,CHA,162,83,79,865,831
2004,AL,CLE,162,80,82,858,857
2004,AL,DET,162,72,90,827,844
2004,AL,KCA,162,58,104,720,905
2004,AL,NYA,162,101,61,897,808
2004,AL,BOS,162,98,64,949,768
2004,AL,BAL,162,78,84,842,830
2004,AL,TBA,161,70,91,714,842
2004,AL,TOR,161,67,94,719,823
2004,AL,ANA,162,92,70,836,734
2004,AL,OAK,162,91,71,793,742
2004,AL,TEX,162,89,73,860,794
2004,AL,SEA,162,63,99,698,823
2004,NL,SLN,162,105,57,855,659
2004,NL,HOU,162,92,70,803,698
2004,NL,CHN,162,89,73,789,665
2004,NL,CIN,162,76,86,750,907
2004,NL,PIT,161,72,89,680,744
2004,NL,MIL,161,67,94,634,757
2004,NL,ATL,162,96,66,803,668
2004,NL,PHI,162,86,76,840,781
2004,NL,FLO,162,83,79,718,700
2004,NL,NYN,162,71,91,684,731
2004,NL,MON,162,67,95,635,769
2004,NL,LAN,162,93,69,761,684
2004,NL,SFN,162,91,71,850,770
2004,NL,SDN,162,87,75,768,705
2004,NL,COL,162,68,94,833,923
2004,NL,ARI,162,51,111,615,899
2005,AL,CHA,162,99,63,741,645
2005,AL,CLE,162,93,69,790,642
2005,AL,MIN,162,83,79,688,662
2005,AL,DET,162,71,91,723,787
2005,AL,KCA,162,56,106,701,935
2005,AL,NYA,162,95,67,886,789
2005,AL,BOS,162,95,67,910,805
2005,AL,TOR,162,80,82,775,705
2005,AL,BAL,162,74,88,729,800
2005,AL,TBA,162,67,95,750,936
2005,AL,LAA,162,95,67,761,643
2005,AL,OAK,162,88,74,772,658
2005,AL,TEX,162,79,83,865,858
2005,AL,SEA,162,69,93,699,751
2005,NL,SLN,162,100,62,805,634
2005,NL,HOU,163,89,73,693,609
2005,NL,MIL,162,81,81,726,697
2005,NL,CHN,162,79,83,703,714
2005,NL,CIN,163,73,89,820,889
2005,NL,PIT,162,67,95,680,769
2005,NL,ATL,162,90,72,769,674
2005,NL,PHI,162,88,74,807,726
2005,NL,FLO,162,83,79,717,732
2005,NL,NYN,162,83,79,722,648
2005,NL,WAS,162,81,81,639,673
2005,NL,SDN,162,82,80,684,726
2005,NL,ARI,162,77,85,696,856
2005,NL,SFN,162,75,87,649,745
2005,NL,LAN,162,71,91,685,755
2005,NL,COL,162,67,95,740,862
2006,AL,MIN,162,96,66,801,683
2006,AL,DET,162,95,67,822,675
2006,AL,CHA,162,90,72,868,794
2006,AL,CLE,162,78,84,870,782
2006,AL,KCA,162,62,100,757,971
2006,AL,NYA,162,97,65,930,767
2006,AL,TOR,162,87,75,809,754
2006,AL,BOS,162,86,76,820,825
2006,AL,BAL,162,70,92,768,899
2006,AL,TBA,162,61,101,689,856
2006,AL,OAK,162,93,69,771,727
2006,AL,LAA,162,89,73,766,732
2006,AL,TEX,162,80,82,835,784
2006,AL,SEA,162,78,84,756,792
2006,NL,SLN,161,83,78,781,762
2006,NL,HOU,162,82,80,735,719
2006,NL,CIN,162,80,82,749,801
2006,NL,MIL,162,75,87,730,833
2006,NL,PIT,162,67,95,691,797
2006,NL,CHN,162,66,96,716,834
2006,NL,NYN,162,97,65,834,731
2006,NL,PHI,162,85,77,865,812
2006,NL,ATL,162,79,83,849,805
2006,NL,FLO,162,78,84,758,772
2006,NL,WAS,162,71,91,746,872
2006,NL,SDN,162,88,74,731,679
2006,NL,LAN,162,88,74,820,751
2006,NL,SFN,161,76,85,746,790
2006,NL,ARI,162,76,86,773,788
2006,NL,COL,162,76,86,813,812
2007,AL,CLE,162,96,66,811,704
2007,AL,DET,162,88,74,887,797
2007,AL,MIN,162,79,83,718,725
2007,AL,CHA,162,72,90,693,839
2007,AL,KCA,162,69,93,706,778
2007,AL,BOS,162,96,66,867,657
2007,AL,NYA,162,94,68,968,777
2007,AL,TOR,162,83,79,753,699
2007,AL,BAL,162,69,93,756,868
2007,AL,TBA,162,66,96,782,944
2007,AL,LAA,162,94,68,822,731
2007,AL,SEA,162,88,74,794,813
2007,AL,OAK,162,76,86,741,758
2007,AL,TEX,162,75,87,816,844
2007,NL,CHN,162,85,77,752,690
2007,NL,MIL,162,83,79,801,776
2007,NL,SLN,162,78,84,725,829
2007,NL,HOU,162,73,89,723,813
2007,NL,CIN,162,72,90,783,853
2007,NL,PIT,162,68,94,724,846
2007,NL,PHI,162,89,73,892,821
2007,NL,NYN,162,88,74,804,750
2007,NL,ATL,162,84,78,810,733
2007,NL,WAS,162,73,89,673,783
2007,NL,FLO,162,71,91,790,891
2007,NL,ARI,162,90,72,712,732
2007,NL,COL,163,90,73,860,758
2007,NL,SDN,163,89,74,741,666
2007,NL,LAN,162,82,80,735,727
2007,NL,SFN,162,71,91,683,720
2008,AL,CHA,163,89,74,811,729
2008,AL,MIN,163,88,75,829,745
2008,AL,CLE,162,81,81,805,761
2008,AL,KCA,162,75,87,691,781
2008,AL,DET,162,74,88,821,857
2008,AL,TBA,162,97,65,774,671
2008,AL,BOS,162,95,67,845,694
2008,AL,NYA,162,89,73,789,727
2008,AL,TOR,162,86,76,714,610
2008,AL,BAL,161,68,93,782,869
2008,AL,LAA,162,100,62,765,697
2008,AL,TEX,162,79,83,901,967
2008,AL,OAK,161,75,86,646,690
2008,AL,SEA,162,61,101,671,811
2008,NL,CHN,161,97,64,855,671
2008,NL,MIL,162,90,72,750,689
2008,NL,HOU,161,86,75,712,743
2008,NL,SLN,162,86,76,779,725
2008,NL,CIN,162,74,88,704,800
2008,NL,PIT,162,67,95,735,884
2008,NL,PHI,162,92,70,799,680
2008,NL,NYN,162,89,73,799,715
2008,NL,FLO,161,84,77,770,767
2008,NL,ATL,162,72,90,753,778
2008,NL,WAS,161,59,102,641,825
2008,NL,LAN,162,84,78,700,648
2008,NL,ARI,162,82,80,720,706
2008,NL,COL,162,74,88,747,822
2008,NL,SFN,162,72,90,640,759
2008,NL,SDN,162,63,99,637,764
2009,AL,MIN,163,87,76,817,765
2009,AL,DET,163,86,77,743,745
2009,AL,CHA,162,79,83,724,732
2009,AL,CLE,162,65,97,773,865
2009,AL,KCA,162,65,97,686,842
2009,AL,NYA,162,103,59,915,753
2009,AL,BOS,162,95,67,872,736
2009,AL,TBA,162,84,78,803,754
2009,AL,TOR,162,75,87,798,771
2009,AL,BAL,162,64,98,741,876
2009,AL,LAA,162,97,65,883,761
2009,AL,TEX,162,87,75,784,740
2009,AL,SEA,162,85,77,640,692
2009,AL,OAK,162,75,87,759,761
2009,NL,SLN,162,91,71,730,640
2009,NL,CHN,161,83,78,707,672
2009,NL,MIL,162,80,82,785,818
2009,NL,CIN,162,78,84,673,723
2009,NL,HOU,162,74,88,643,770
2009,NL,PIT,161,62,99,636,768
2009,NL,PHI,162,93,69,820,709
2009,NL,FLO,162,87,75,772,766
2009,NL,ATL,162,86,76,735,641
2009,NL,NYN,162,70,92,671,757
2009,NL,WAS,162,59,103,710,874
2009,NL,LAN,162,95,67,780,611
2009,NL,COL,162,92,70,804,715
2009,NL,SFN,162,88,74,657,611
2009,NL,SDN,162,75,87,638,769
2009,NL,ARI,162,70,92,720,782
2010,AL,MIN,162,94,68,781,671
2010,AL,CHA,162,88,74,752,704
2010,AL,DET,162,81,81,751,743
2010,AL,CLE,162,69,93,646,752
2010,AL,KCA,162,67,95,676,845
2010,AL,TBA,162,96,66,802,649
2010,AL,NYA,162,95,67,859,693
2010,AL,BOS,162,89,73,818,744
2010,AL,TOR,162,85,77,755,728
2010,AL,BAL,162,66,96,613,785
2010,AL,TEX,162,90,72,787,687
2010,AL,OAK,162,81,81,663,626
2010,AL,LAA,162,80,82,681,702
2010,AL,SEA,162,61,101,513,698
2010,NL,CIN,162,91,71,790,685
2010,NL,SLN,162,86,76,736,641
2010,NL,MIL,162,77,85,750,804
2010,NL,HOU,162,76,86,611,729
2010,NL,CHN,162,75,87,685,767
2010,NL,PIT,162,57,105,587,866
2010,NL,PHI,162,97,65,772,640
2010,NL,ATL,162,91,71,738,629
2010,NL,FLO,162,80,82,719,717
2010,NL,NYN,162,79,83,656,652
2010,NL,WAS,162,69,93,655,742
2010,NL,SFN,162,92,70,697,583
2010,NL,SDN,162,90,72,665,581
2010,NL,COL,162,83,79,770,717
2010,NL,LAN,162,80,82,667,692
2010,NL,ARI,162,65,97,713,836
2011,AL,DET,162,95,67,787,711
2011,AL,CLE,162,80,82,704,760
2011,AL,CHA,162,79,83,654,706
2011,AL,KCA,162,71,91,730,762
2011,AL,MIN,162,63,99,619,804
2011,AL,NYA,162,97,65,867,657
2011,AL,TBA,162,91,71,707,614
2011,AL,BOS,162,90,72,875,737
2011,AL,TOR,162,81,81,743,761
2011,AL,BAL,162,69,93,708,860
2011,AL,TEX,162,96,66,855,677
2011,AL,LAA,162,86,76,667,633
2011,AL,OAK,162,74,88,645,679
2011,AL,SEA,162,67,95,556,675
2011,NL,MIL,162,96,66,721,638
2011,NL,SLN,162,90,72,762,692
2011,NL,CIN,162,79,83,735,720
2011,NL,PIT,162,72,90,610,712
2011,NL,CHN,162,71,91,654,756
2011,NL,HOU,162,56,106,615,796
2011,NL,PHI,162,102,60,713,529
2011,NL,ATL,162,89,73,641,605
2011,NL,WAS,161,80,81,624,643
2011,NL,NYN,162,77,85,718,742
2011,NL,FLO,162,72,90,625,702
2011,NL,ARI,162,94,68,731,662
2011,NL,SFN,162,86,76,570,578
2011,NL,LAN,161,82,79,644,612
2011,NL,COL,162,73,89,735,774
2011,NL,SDN,162,71,91,593,611
2012,AL,DET,162,88,74,726,670
2012,AL,CHA,162,85,77,748,676
2012,AL,KCA,162,72,90,676,746
2012,AL,CLE,162,68,94,667,845
2012,AL,MIN,162,66,96,701,832
2012,AL,NYA,162,95,67,804,668
2012,AL,BAL,162,93,69,712,705
2012,AL,TBA,162,90,72,697,577
2012,AL,TOR,162,73,89,716,784
2012,AL,BOS,162,69,93,734,806
2012,AL,OAK,162,94,68,713,614
2012,AL,TEX,162,93,69,808,707
2012,AL,LAA,162,89,73,767,699
2012,AL,SEA,162,75,87,619,651
2012,NL,CIN,162,97,65,669,588
2012,NL,SLN,162,88,74,765,648
2012,NL,MIL,162,83,79,776,733
2012,NL,PIT,162,79,83,651,674
2012,NL,CHN,162,61,101,613,759
2012,NL,HOU,162,55,107,583,794
2012,NL,WAS,162,98,64,731,594
2012,NL,ATL,162,94,68,700,600
2012,NL,PHI,162,81,81,684,680
2012,NL,NYN,162,74,88,650,709
2012,NL,MIA,162,69,93,609,724
2012,NL,SFN,162,94,68,718,649
2012,NL,LAN,162,86,76,637,597
2012,NL,ARI,162,81,81,734,688
2012,NL,SDN,162,76,86,651,710
2012,NL,COL,162,64,98,758,890
2013,AL,DET,162,93,69,796,624
2013,AL,CLE,162,92,70,745,662
2013,AL,KCA,162,86,76,648,601
2013,AL,MIN,162,66,96,614,788
2013,AL,CHA,162,66,96,602,689
2013,AL,BOS,162,97,65,853,656
2013,AL,TBA,163,92,71,700,646
2013,AL,BAL,162,85,77,745,709
2013,AL,NYA,162,85,77,650,671
2013,AL,TOR,162,74,88,712,756
2013,AL,OAK,162,96,66,767,625
2013,AL,TEX,163,91,72,730,636
2013,AL,LAA,162,78,84,733,737
2013,AL,SEA,162,71,91,624,754
2013,AL,HOU,162,51,111,610,848
2013,NL,SLN,162,97,65,783,596
2013,NL,PIT,162,94,68,634,577
2013,NL,CIN,162,90,72,698,589
2013,NL,MIL,162,74,88,640,687
2013,NL,CHN,162,63,99,598,723
2013,NL,ATL,162,96,66,688,548
2013,NL,WAS,162,86,76,656,626
2013,NL,NYN,162,74,88,619,684
2013,NL,PHI,162,73,89,610,749
2013,NL,MIA,162,62,100,513,646
2013,NL,LAN,162,92,70,649,582
2013,NL,ARI,162,81,81,685,695
2013,NL,SDN,162,76,86,618,700
2013,NL,SFN,162,76,86,629,691
2013,NL,COL,162,74,88,706,760
